"username","password"
"qa1","Test1234"
"qa2","Test1234"
"qa3","Test1234"
"qa4","Test1234"
"qa5","Test1234"
"qa6","Test1234"
"qa7","Test1234"
"qa8","Test1234"
"qa9","Test1234"
"qa10","Test1234"
"qa11","Test1234"
"qa12","Test1234"
"qa13","Test1234"
"qa14","Test1234"
"qa15","Test1234"
"qa16","Test1234"
"qa17","Test1234"
"qa18","Test1234"
"qa19","Test1234"
"qa20","Test1234"
"qa21","Test1234"
"qa22","Test1234"
"qa23","Test1234"
"qa24","Test1234"
"qa25","Test1234"
"qa26","Test1234"
"qa27","Test1234"
"qa28","Test1234"
"qa29","Test1234"
"qa30","Test1234"
"qa31","Test1234"
"qa32","Test1234"
"qa33","Test1234"
"qa34","Test1234"
"qa35","Test1234"
"qa36","Test1234"
"qa37","Test1234"
"qa38","Test1234"
"qa39","Test1234"
"qa40","Test1234"
"qa41","Test1234"
"qa42","Test1234"
"qa43","Test1234"
"qa44","Test1234"
"qa45","Test1234"
"qa46","Test1234"
"qa47","Test1234"
"qa48","Test1234"
"qa49","Test1234"
"qa50","Test1234"
"qa51","Test1234"
"qa52","Test1234"
"qa53","Test1234"
"qa54","Test1234"
"qa55","Test1234"
"qa56","Test1234"
"qa57","Test1234"
"qa58","Test1234"
"qa59","Test1234"
"qa60","Test1234"
"qa61","Test1234"
"qa62","Test1234"
"qa63","Test1234"
"qa64","Test1234"
"qa65","Test1234"
"qa66","Test1234"
"qa67","Test1234"
"qa68","Test1234"
"qa69","Test1234"
"qa70","Test1234"
"qa71","Test1234"
"qa72","Test1234"
"qa73","Test1234"
"qa74","Test1234"
"qa75","Test1234"
"qa76","Test1234"
"qa77","Test1234"
"qa78","Test1234"
"qa79","Test1234"
"qa80","Test1234"
"qa81","Test1234"
"qa82","Test1234"
"qa83","Test1234"
"qa84","Test1234"
"qa85","Test1234"
"qa86","Test1234"
"qa87","Test1234"
"qa88","Test1234"
"qa89","Test1234"
"qa90","Test1234"
"qa91","Test1234"
"qa92","Test1234"
"qa93","Test1234"
"qa94","Test1234"
"qa95","Test1234"
"qa96","Test1234"
"qa97","Test1234"
"qa98","Test1234"
"qa99","Test1234"
"qa100","Test1234"
"qa101","Test1234"
"qa102","Test1234"
"qa103","Test1234"
"qa104","Test1234"
"qa105","Test1234"
"qa106","Test1234"
"qa107","Test1234"
"qa108","Test1234"
"qa109","Test1234"
"qa110","Test1234"
"qa111","Test1234"
"qa112","Test1234"
"qa113","Test1234"
"qa114","Test1234"
"qa115","Test1234"
"qa116","Test1234"
"qa117","Test1234"
"qa118","Test1234"
"qa119","Test1234"
"qa120","Test1234"
"qa121","Test1234"
"qa122","Test1234"
"qa123","Test1234"
"qa124","Test1234"
"qa125","Test1234"
"qa126","Test1234"
"qa127","Test1234"
"qa128","Test1234"
"qa129","Test1234"
"qa130","Test1234"
"qa131","Test1234"
"qa132","Test1234"
"qa133","Test1234"
"qa134","Test1234"
"qa135","Test1234"
"qa136","Test1234"
"qa137","Test1234"
"qa138","Test1234"
"qa139","Test1234"
"qa140","Test1234"
"qa141","Test1234"
"qa142","Test1234"
"qa143","Test1234"
"qa144","Test1234"
"qa145","Test1234"
"qa146","Test1234"
"qa147","Test1234"
"qa148","Test1234"
"qa149","Test1234"
"qa150","Test1234"
"qa151","Test1234"
"qa152","Test1234"
"qa153","Test1234"
"qa154","Test1234"
"qa155","Test1234"
"qa156","Test1234"
"qa157","Test1234"
"qa158","Test1234"
"qa159","Test1234"
"qa160","Test1234"
"qa161","Test1234"
"qa162","Test1234"
"qa163","Test1234"
"qa164","Test1234"
"qa165","Test1234"
"qa166","Test1234"
"qa167","Test1234"
"qa168","Test1234"
"qa169","Test1234"
"qa170","Test1234"
"qa171","Test1234"
"qa172","Test1234"
"qa173","Test1234"
"qa174","Test1234"
"qa175","Test1234"
"qa176","Test1234"
"qa177","Test1234"
"qa178","Test1234"
"qa179","Test1234"
"qa180","Test1234"
"qa181","Test1234"
"qa182","Test1234"
"qa183","Test1234"
"qa184","Test1234"
"qa185","Test1234"
"qa186","Test1234"
"qa187","Test1234"
"qa188","Test1234"
"qa189","Test1234"
"qa190","Test1234"
"qa191","Test1234"
"qa192","Test1234"
"qa193","Test1234"
"qa194","Test1234"
"qa195","Test1234"
"qa196","Test1234"
"qa197","Test1234"
"qa198","Test1234"
"qa199","Test1234"
"qa200","Test1234"
"qa201","Test1234"
"qa202","Test1234"
"qa203","Test1234"
"qa204","Test1234"
"qa205","Test1234"
"qa206","Test1234"
"qa207","Test1234"
"qa208","Test1234"
"qa209","Test1234"
"qa210","Test1234"
"qa211","Test1234"
"qa212","Test1234"
"qa213","Test1234"
"qa214","Test1234"
"qa215","Test1234"
"qa216","Test1234"
"qa217","Test1234"
"qa218","Test1234"
"qa219","Test1234"
"qa220","Test1234"
"qa221","Test1234"
"qa222","Test1234"
"qa223","Test1234"
"qa224","Test1234"
"qa225","Test1234"
"qa226","Test1234"
"qa227","Test1234"
"qa228","Test1234"
"qa229","Test1234"
"qa230","Test1234"
"qa231","Test1234"
"qa232","Test1234"
"qa233","Test1234"
"qa234","Test1234"
"qa235","Test1234"
"qa236","Test1234"
"qa237","Test1234"
"qa238","Test1234"
"qa239","Test1234"
"qa240","Test1234"
"qa241","Test1234"
"qa242","Test1234"
"qa243","Test1234"
"qa244","Test1234"
"qa245","Test1234"
"qa246","Test1234"
"qa247","Test1234"
"qa248","Test1234"
"qa249","Test1234"
"qa250","Test1234"
"qa251","Test1234"
"qa252","Test1234"
"qa253","Test1234"
"qa254","Test1234"
"qa255","Test1234"
"qa256","Test1234"
"qa257","Test1234"
"qa258","Test1234"
"qa259","Test1234"
"qa260","Test1234"
"qa261","Test1234"
"qa262","Test1234"
"qa263","Test1234"
"qa264","Test1234"
"qa265","Test1234"
"qa266","Test1234"
"qa267","Test1234"
"qa268","Test1234"
"qa269","Test1234"
"qa270","Test1234"
"qa271","Test1234"
"qa272","Test1234"
"qa273","Test1234"
"qa274","Test1234"
"qa275","Test1234"
"qa276","Test1234"
"qa277","Test1234"
"qa278","Test1234"
"qa279","Test1234"
"qa280","Test1234"
"qa281","Test1234"
"qa282","Test1234"
"qa283","Test1234"
"qa284","Test1234"
"qa285","Test1234"
"qa286","Test1234"
"qa287","Test1234"
"qa288","Test1234"
"qa289","Test1234"
"qa290","Test1234"
"qa291","Test1234"
"qa292","Test1234"
"qa293","Test1234"
"qa294","Test1234"
"qa295","Test1234"
"qa296","Test1234"
"qa297","Test1234"
"qa298","Test1234"
"qa299","Test1234"
"qa300","Test1234"
"qa301","Test1234"
"qa302","Test1234"
"qa303","Test1234"
"qa304","Test1234"
"qa305","Test1234"
"qa306","Test1234"
"qa307","Test1234"
"qa308","Test1234"
"qa309","Test1234"
"qa310","Test1234"
"qa311","Test1234"
"qa312","Test1234"
"qa313","Test1234"
"qa314","Test1234"
"qa315","Test1234"
"qa316","Test1234"
"qa317","Test1234"
"qa318","Test1234"
"qa319","Test1234"
"qa320","Test1234"
"qa321","Test1234"
"qa322","Test1234"
"qa323","Test1234"
"qa324","Test1234"
"qa325","Test1234"
"qa326","Test1234"
"qa327","Test1234"
"qa328","Test1234"
"qa329","Test1234"
"qa330","Test1234"
"qa331","Test1234"
"qa332","Test1234"
"qa333","Test1234"
"qa334","Test1234"
"qa335","Test1234"
"qa336","Test1234"
"qa337","Test1234"
"qa338","Test1234"
"qa339","Test1234"
"qa340","Test1234"
"qa341","Test1234"
"qa342","Test1234"
"qa343","Test1234"
"qa344","Test1234"
"qa345","Test1234"
"qa346","Test1234"
"qa347","Test1234"
"qa348","Test1234"
"qa349","Test1234"
"qa350","Test1234"
"qa351","Test1234"
"qa352","Test1234"
"qa353","Test1234"
"qa354","Test1234"
"qa355","Test1234"
"qa356","Test1234"
"qa357","Test1234"
"qa358","Test1234"
"qa359","Test1234"
"qa360","Test1234"
"qa361","Test1234"
"qa362","Test1234"
"qa363","Test1234"
"qa364","Test1234"
"qa365","Test1234"
"qa366","Test1234"
"qa367","Test1234"
"qa368","Test1234"
"qa369","Test1234"
"qa370","Test1234"
"qa371","Test1234"
"qa372","Test1234"
"qa373","Test1234"
"qa374","Test1234"
"qa375","Test1234"
"qa376","Test1234"
"qa377","Test1234"
"qa378","Test1234"
"qa379","Test1234"
"qa380","Test1234"
"qa381","Test1234"
"qa382","Test1234"
"qa383","Test1234"
"qa384","Test1234"
"qa385","Test1234"
"qa386","Test1234"
"qa387","Test1234"
"qa388","Test1234"
"qa389","Test1234"
"qa390","Test1234"
"qa391","Test1234"
"qa392","Test1234"
"qa393","Test1234"
"qa394","Test1234"
"qa395","Test1234"
"qa396","Test1234"
"qa397","Test1234"
"qa398","Test1234"
"qa399","Test1234"
"qa400","Test1234"
"qa401","Test1234"
"qa402","Test1234"
"qa403","Test1234"
"qa404","Test1234"
"qa405","Test1234"
"qa406","Test1234"
"qa407","Test1234"
"qa408","Test1234"
"qa409","Test1234"
"qa410","Test1234"
"qa411","Test1234"
"qa412","Test1234"
"qa413","Test1234"
"qa414","Test1234"
"qa415","Test1234"
"qa416","Test1234"
"qa417","Test1234"
"qa418","Test1234"
"qa419","Test1234"
"qa420","Test1234"
"qa421","Test1234"
"qa422","Test1234"
"qa423","Test1234"
"qa424","Test1234"
"qa425","Test1234"
"qa426","Test1234"
"qa427","Test1234"
"qa428","Test1234"
"qa429","Test1234"
"qa430","Test1234"
"qa431","Test1234"
"qa432","Test1234"
"qa433","Test1234"
"qa434","Test1234"
"qa435","Test1234"
"qa436","Test1234"
"qa437","Test1234"
"qa438","Test1234"
"qa439","Test1234"
"qa440","Test1234"
"qa441","Test1234"
"qa442","Test1234"
"qa443","Test1234"
"qa444","Test1234"
"qa445","Test1234"
"qa446","Test1234"
"qa447","Test1234"
"qa448","Test1234"
"qa449","Test1234"
"qa450","Test1234"
"qa451","Test1234"
"qa452","Test1234"
"qa453","Test1234"
"qa454","Test1234"
"qa455","Test1234"
"qa456","Test1234"
"qa457","Test1234"
"qa458","Test1234"
"qa459","Test1234"
"qa460","Test1234"
"qa461","Test1234"
"qa462","Test1234"
"qa463","Test1234"
"qa464","Test1234"
"qa465","Test1234"
"qa466","Test1234"
"qa467","Test1234"
"qa468","Test1234"
"qa469","Test1234"
"qa470","Test1234"
"qa471","Test1234"
"qa472","Test1234"
"qa473","Test1234"
"qa474","Test1234"
"qa475","Test1234"
"qa476","Test1234"
"qa477","Test1234"
"qa478","Test1234"
"qa479","Test1234"
"qa480","Test1234"
"qa481","Test1234"
"qa482","Test1234"
"qa483","Test1234"
"qa484","Test1234"
"qa485","Test1234"
"qa486","Test1234"
"qa487","Test1234"
"qa488","Test1234"
"qa489","Test1234"
"qa490","Test1234"
"qa491","Test1234"
"qa492","Test1234"
"qa493","Test1234"
"qa494","Test1234"
"qa495","Test1234"
"qa496","Test1234"
"qa497","Test1234"
"qa498","Test1234"
"qa499","Test1234"
"qa500","Test1234"
"qa501","Test1234"
"qa502","Test1234"
"qa503","Test1234"
"qa504","Test1234"
"qa505","Test1234"
"qa506","Test1234"
"qa507","Test1234"
"qa508","Test1234"
"qa509","Test1234"
"qa510","Test1234"
"qa511","Test1234"
"qa512","Test1234"
"qa513","Test1234"
"qa514","Test1234"
"qa515","Test1234"
"qa516","Test1234"
"qa517","Test1234"
"qa518","Test1234"
"qa519","Test1234"
"qa520","Test1234"
"qa521","Test1234"
"qa522","Test1234"
"qa523","Test1234"
"qa524","Test1234"
"qa525","Test1234"
"qa526","Test1234"
"qa527","Test1234"
"qa528","Test1234"
"qa529","Test1234"
"qa530","Test1234"
"qa531","Test1234"
"qa532","Test1234"
"qa533","Test1234"
"qa534","Test1234"
"qa535","Test1234"
"qa536","Test1234"
"qa537","Test1234"
"qa538","Test1234"
"qa539","Test1234"
"qa540","Test1234"
"qa541","Test1234"
"qa542","Test1234"
"qa543","Test1234"
"qa544","Test1234"
"qa545","Test1234"
"qa546","Test1234"
"qa547","Test1234"
"qa548","Test1234"
"qa549","Test1234"
"qa550","Test1234"
"qa551","Test1234"
"qa552","Test1234"
"qa553","Test1234"
"qa554","Test1234"
"qa555","Test1234"
"qa556","Test1234"
"qa557","Test1234"
"qa558","Test1234"
"qa559","Test1234"
"qa560","Test1234"
"qa561","Test1234"
"qa562","Test1234"
"qa563","Test1234"
"qa564","Test1234"
"qa565","Test1234"
"qa566","Test1234"
"qa567","Test1234"
"qa568","Test1234"
"qa569","Test1234"
"qa570","Test1234"
"qa571","Test1234"
"qa572","Test1234"
"qa573","Test1234"
"qa574","Test1234"
"qa575","Test1234"
"qa576","Test1234"
"qa577","Test1234"
"qa578","Test1234"
"qa579","Test1234"
"qa580","Test1234"
"qa581","Test1234"
"qa582","Test1234"
"qa583","Test1234"
"qa584","Test1234"
"qa585","Test1234"
"qa586","Test1234"
"qa587","Test1234"
"qa588","Test1234"
"qa589","Test1234"
"qa590","Test1234"
"qa591","Test1234"
"qa592","Test1234"
"qa593","Test1234"
"qa594","Test1234"
"qa595","Test1234"
"qa596","Test1234"
"qa597","Test1234"
"qa598","Test1234"
"qa599","Test1234"
"qa600","Test1234"
"qa601","Test1234"
"qa602","Test1234"
"qa603","Test1234"
"qa604","Test1234"
"qa605","Test1234"
"qa606","Test1234"
"qa607","Test1234"
"qa608","Test1234"
"qa609","Test1234"
"qa610","Test1234"
"qa611","Test1234"
"qa612","Test1234"
"qa613","Test1234"
"qa614","Test1234"
"qa615","Test1234"
"qa616","Test1234"
"qa617","Test1234"
"qa618","Test1234"
"qa619","Test1234"
"qa620","Test1234"
"qa621","Test1234"
"qa622","Test1234"
"qa623","Test1234"
"qa624","Test1234"
"qa625","Test1234"
"qa626","Test1234"
"qa627","Test1234"
"qa628","Test1234"
"qa629","Test1234"
"qa630","Test1234"
"qa631","Test1234"
"qa632","Test1234"
"qa633","Test1234"
"qa634","Test1234"
"qa635","Test1234"
"qa636","Test1234"
"qa637","Test1234"
"qa638","Test1234"
"qa639","Test1234"
"qa640","Test1234"
"qa641","Test1234"
"qa642","Test1234"
"qa643","Test1234"
"qa644","Test1234"
"qa645","Test1234"
"qa646","Test1234"
"qa647","Test1234"
"qa648","Test1234"
"qa649","Test1234"
"qa650","Test1234"
"qa651","Test1234"
"qa652","Test1234"
"qa653","Test1234"
"qa654","Test1234"
"qa655","Test1234"
"qa656","Test1234"
"qa657","Test1234"
"qa658","Test1234"
"qa659","Test1234"
"qa660","Test1234"
"qa661","Test1234"
"qa662","Test1234"
"qa663","Test1234"
"qa664","Test1234"
"qa665","Test1234"
"qa666","Test1234"
"qa667","Test1234"
"qa668","Test1234"
"qa669","Test1234"
"qa670","Test1234"
"qa671","Test1234"
"qa672","Test1234"
"qa673","Test1234"
"qa674","Test1234"
"qa675","Test1234"
"qa676","Test1234"
"qa677","Test1234"
"qa678","Test1234"
"qa679","Test1234"
"qa680","Test1234"
"qa681","Test1234"
"qa682","Test1234"
"qa683","Test1234"
"qa684","Test1234"
"qa685","Test1234"
"qa686","Test1234"
"qa687","Test1234"
"qa688","Test1234"
"qa689","Test1234"
"qa690","Test1234"
"qa691","Test1234"
"qa692","Test1234"
"qa693","Test1234"
"qa694","Test1234"
"qa695","Test1234"
"qa696","Test1234"
"qa697","Test1234"
"qa698","Test1234"
"qa699","Test1234"
"qa700","Test1234"
"qa701","Test1234"
"qa702","Test1234"
"qa703","Test1234"
"qa704","Test1234"
"qa705","Test1234"
"qa706","Test1234"
"qa707","Test1234"
"qa708","Test1234"
"qa709","Test1234"
"qa710","Test1234"
"qa711","Test1234"
"qa712","Test1234"
"qa713","Test1234"
"qa714","Test1234"
"qa715","Test1234"
"qa716","Test1234"
"qa717","Test1234"
"qa718","Test1234"
"qa719","Test1234"
"qa720","Test1234"
"qa721","Test1234"
"qa722","Test1234"
"qa723","Test1234"
"qa724","Test1234"
"qa725","Test1234"
"qa726","Test1234"
"qa727","Test1234"
"qa728","Test1234"
"qa729","Test1234"
"qa730","Test1234"
"qa731","Test1234"
"qa732","Test1234"
"qa733","Test1234"
"qa734","Test1234"
"qa735","Test1234"
"qa736","Test1234"
"qa737","Test1234"
"qa738","Test1234"
"qa739","Test1234"
"qa740","Test1234"
"qa741","Test1234"
"qa742","Test1234"
"qa743","Test1234"
"qa744","Test1234"
"qa745","Test1234"
"qa746","Test1234"
"qa747","Test1234"
"qa748","Test1234"
"qa749","Test1234"
"qa750","Test1234"
"qa751","Test1234"
"qa752","Test1234"
"qa753","Test1234"
"qa754","Test1234"
"qa755","Test1234"
"qa756","Test1234"
"qa757","Test1234"
"qa758","Test1234"
"qa759","Test1234"
"qa760","Test1234"
"qa761","Test1234"
"qa762","Test1234"
"qa763","Test1234"
"qa764","Test1234"
"qa765","Test1234"
"qa766","Test1234"
"qa767","Test1234"
"qa768","Test1234"
"qa769","Test1234"
"qa770","Test1234"
"qa771","Test1234"
"qa772","Test1234"
"qa773","Test1234"
"qa774","Test1234"
"qa775","Test1234"
"qa776","Test1234"
"qa777","Test1234"
"qa778","Test1234"
"qa779","Test1234"
"qa780","Test1234"
"qa781","Test1234"
"qa782","Test1234"
"qa783","Test1234"
"qa784","Test1234"
"qa785","Test1234"
"qa786","Test1234"
"qa787","Test1234"
"qa788","Test1234"
"qa789","Test1234"
"qa790","Test1234"
"qa791","Test1234"
"qa792","Test1234"
"qa793","Test1234"
"qa794","Test1234"
"qa795","Test1234"
"qa796","Test1234"
"qa797","Test1234"
"qa798","Test1234"
"qa799","Test1234"
"qa800","Test1234"
"qa801","Test1234"
"qa802","Test1234"
"qa803","Test1234"
"qa804","Test1234"
"qa805","Test1234"
"qa806","Test1234"
"qa807","Test1234"
"qa808","Test1234"
"qa809","Test1234"
"qa810","Test1234"
"qa811","Test1234"
"qa812","Test1234"
"qa813","Test1234"
"qa814","Test1234"
"qa815","Test1234"
"qa816","Test1234"
"qa817","Test1234"
"qa818","Test1234"
"qa819","Test1234"
"qa820","Test1234"
"qa821","Test1234"
"qa822","Test1234"
"qa823","Test1234"
"qa824","Test1234"
"qa825","Test1234"
"qa826","Test1234"
"qa827","Test1234"
"qa828","Test1234"
"qa829","Test1234"
"qa830","Test1234"
"qa831","Test1234"
"qa832","Test1234"
"qa833","Test1234"
"qa834","Test1234"
"qa835","Test1234"
"qa836","Test1234"
"qa837","Test1234"
"qa838","Test1234"
"qa839","Test1234"
"qa840","Test1234"
"qa841","Test1234"
"qa842","Test1234"
"qa843","Test1234"
"qa844","Test1234"
"qa845","Test1234"
"qa846","Test1234"
"qa847","Test1234"
"qa848","Test1234"
"qa849","Test1234"
"qa850","Test1234"
"qa851","Test1234"
"qa852","Test1234"
"qa853","Test1234"
"qa854","Test1234"
"qa855","Test1234"
"qa856","Test1234"
"qa857","Test1234"
"qa858","Test1234"
"qa859","Test1234"
"qa860","Test1234"
"qa861","Test1234"
"qa862","Test1234"
"qa863","Test1234"
"qa864","Test1234"
"qa865","Test1234"
"qa866","Test1234"
"qa867","Test1234"
"qa868","Test1234"
"qa869","Test1234"
"qa870","Test1234"
"qa871","Test1234"
"qa872","Test1234"
"qa873","Test1234"
"qa874","Test1234"
"qa875","Test1234"
"qa876","Test1234"
"qa877","Test1234"
"qa878","Test1234"
"qa879","Test1234"
"qa880","Test1234"
"qa881","Test1234"
"qa882","Test1234"
"qa883","Test1234"
"qa884","Test1234"
"qa885","Test1234"
"qa886","Test1234"
"qa887","Test1234"
"qa888","Test1234"
"qa889","Test1234"
"qa890","Test1234"
"qa891","Test1234"
"qa892","Test1234"
"qa893","Test1234"
"qa894","Test1234"
"qa895","Test1234"
"qa896","Test1234"
"qa897","Test1234"
"qa898","Test1234"
"qa899","Test1234"
"qa900","Test1234"
"qa901","Test1234"
"qa902","Test1234"
"qa903","Test1234"
"qa904","Test1234"
"qa905","Test1234"
"qa906","Test1234"
"qa907","Test1234"
"qa908","Test1234"
"qa909","Test1234"
"qa910","Test1234"
"qa911","Test1234"
"qa912","Test1234"
"qa913","Test1234"
"qa914","Test1234"
"qa915","Test1234"
"qa916","Test1234"
"qa917","Test1234"
"qa918","Test1234"
"qa919","Test1234"
"qa920","Test1234"
"qa921","Test1234"
"qa922","Test1234"
"qa923","Test1234"
"qa924","Test1234"
"qa925","Test1234"
"qa926","Test1234"
"qa927","Test1234"
"qa928","Test1234"
"qa929","Test1234"
"qa930","Test1234"
"qa931","Test1234"
"qa932","Test1234"
"qa933","Test1234"
"qa934","Test1234"
"qa935","Test1234"
"qa936","Test1234"
"qa937","Test1234"
"qa938","Test1234"
"qa939","Test1234"
"qa940","Test1234"
"qa941","Test1234"
"qa942","Test1234"
"qa943","Test1234"
"qa944","Test1234"
"qa945","Test1234"
"qa946","Test1234"
"qa947","Test1234"
"qa948","Test1234"
"qa949","Test1234"
"qa950","Test1234"
"qa951","Test1234"
"qa952","Test1234"
"qa953","Test1234"
"qa954","Test1234"
"qa955","Test1234"
"qa956","Test1234"
"qa957","Test1234"
"qa958","Test1234"
"qa959","Test1234"
"qa960","Test1234"
"qa961","Test1234"
"qa962","Test1234"
"qa963","Test1234"
"qa964","Test1234"
"qa965","Test1234"
"qa966","Test1234"
"qa967","Test1234"
"qa968","Test1234"
"qa969","Test1234"
"qa970","Test1234"
"qa971","Test1234"
"qa972","Test1234"
"qa973","Test1234"
"qa974","Test1234"
"qa975","Test1234"
"qa976","Test1234"
"qa977","Test1234"
"qa978","Test1234"
"qa979","Test1234"
"qa980","Test1234"
"qa981","Test1234"
"qa982","Test1234"
"qa983","Test1234"
"qa984","Test1234"
"qa985","Test1234"
"qa986","Test1234"
"qa987","Test1234"
"qa988","Test1234"
"qa989","Test1234"
"qa990","Test1234"
"qa991","Test1234"
"qa992","Test1234"
"qa993","Test1234"
"qa994","Test1234"
"qa995","Test1234"
"qa996","Test1234"
"qa997","Test1234"
"qa998","Test1234"
"qa999","Test1234"
"qa1000","Test1234"
"qa1001","Test1234"
"qa1002","Test1234"
"qa1003","Test1234"
"qa1004","Test1234"
"qa1005","Test1234"
"qa1006","Test1234"
"qa1007","Test1234"
"qa1008","Test1234"
"qa1009","Test1234"
"qa1010","Test1234"
"qa1011","Test1234"
"qa1012","Test1234"
"qa1013","Test1234"
"qa1014","Test1234"
"qa1015","Test1234"
"qa1016","Test1234"
"qa1017","Test1234"
"qa1018","Test1234"
"qa1019","Test1234"
"qa1020","Test1234"
"qa1021","Test1234"
"qa1022","Test1234"
"qa1023","Test1234"
"qa1024","Test1234"
"qa1025","Test1234"
"qa1026","Test1234"
"qa1027","Test1234"
"qa1028","Test1234"
"qa1029","Test1234"
"qa1030","Test1234"
"qa1031","Test1234"
"qa1032","Test1234"
"qa1033","Test1234"
"qa1034","Test1234"
"qa1035","Test1234"
"qa1036","Test1234"
"qa1037","Test1234"
"qa1038","Test1234"
"qa1039","Test1234"
"qa1040","Test1234"
"qa1041","Test1234"
"qa1042","Test1234"
"qa1043","Test1234"
"qa1044","Test1234"
"qa1045","Test1234"
"qa1046","Test1234"
"qa1047","Test1234"
"qa1048","Test1234"
"qa1049","Test1234"
"qa1050","Test1234"
"qa1051","Test1234"
"qa1052","Test1234"
"qa1053","Test1234"
"qa1054","Test1234"
"qa1055","Test1234"
"qa1056","Test1234"
"qa1057","Test1234"
"qa1058","Test1234"
"qa1059","Test1234"
"qa1060","Test1234"
"qa1061","Test1234"
"qa1062","Test1234"
"qa1063","Test1234"
"qa1064","Test1234"
"qa1065","Test1234"
"qa1066","Test1234"
"qa1067","Test1234"
"qa1068","Test1234"
"qa1069","Test1234"
"qa1070","Test1234"
"qa1071","Test1234"
"qa1072","Test1234"
"qa1073","Test1234"
"qa1074","Test1234"
"qa1075","Test1234"
"qa1076","Test1234"
"qa1077","Test1234"
"qa1078","Test1234"
"qa1079","Test1234"
"qa1080","Test1234"
"qa1081","Test1234"
"qa1082","Test1234"
"qa1083","Test1234"
"qa1084","Test1234"
"qa1085","Test1234"
"qa1086","Test1234"
"qa1087","Test1234"
"qa1088","Test1234"
"qa1089","Test1234"
"qa1090","Test1234"
"qa1091","Test1234"
"qa1092","Test1234"
"qa1093","Test1234"
"qa1094","Test1234"
"qa1095","Test1234"
"qa1096","Test1234"
"qa1097","Test1234"
"qa1098","Test1234"
"qa1099","Test1234"
"qa1100","Test1234"
"qa1101","Test1234"
"qa1102","Test1234"
"qa1103","Test1234"
"qa1104","Test1234"
"qa1105","Test1234"
"qa1106","Test1234"
"qa1107","Test1234"
"qa1108","Test1234"
"qa1109","Test1234"
"qa1110","Test1234"
"qa1111","Test1234"
"qa1112","Test1234"
"qa1113","Test1234"
"qa1114","Test1234"
"qa1115","Test1234"
"qa1116","Test1234"
"qa1117","Test1234"
"qa1118","Test1234"
"qa1119","Test1234"
"qa1120","Test1234"
"qa1121","Test1234"
"qa1122","Test1234"
"qa1123","Test1234"
"qa1124","Test1234"
"qa1125","Test1234"
"qa1126","Test1234"
"qa1127","Test1234"
"qa1128","Test1234"
"qa1129","Test1234"
"qa1130","Test1234"
"qa1131","Test1234"
"qa1132","Test1234"
"qa1133","Test1234"
"qa1134","Test1234"
"qa1135","Test1234"
"qa1136","Test1234"
"qa1137","Test1234"
"qa1138","Test1234"
"qa1139","Test1234"
"qa1140","Test1234"
"qa1141","Test1234"
"qa1142","Test1234"
"qa1143","Test1234"
"qa1144","Test1234"
"qa1145","Test1234"
"qa1146","Test1234"
"qa1147","Test1234"
"qa1148","Test1234"
"qa1149","Test1234"
"qa1150","Test1234"
"qa1151","Test1234"
"qa1152","Test1234"
"qa1153","Test1234"
"qa1154","Test1234"
"qa1155","Test1234"
"qa1156","Test1234"
"qa1157","Test1234"
"qa1158","Test1234"
"qa1159","Test1234"
"qa1160","Test1234"
"qa1161","Test1234"
"qa1162","Test1234"
"qa1163","Test1234"
"qa1164","Test1234"
"qa1165","Test1234"
"qa1166","Test1234"
"qa1167","Test1234"
"qa1168","Test1234"
"qa1169","Test1234"
"qa1170","Test1234"
"qa1171","Test1234"
"qa1172","Test1234"
"qa1173","Test1234"
"qa1174","Test1234"
"qa1175","Test1234"
"qa1176","Test1234"
"qa1177","Test1234"
"qa1178","Test1234"
"qa1179","Test1234"
"qa1180","Test1234"
"qa1181","Test1234"
"qa1182","Test1234"
"qa1183","Test1234"
"qa1184","Test1234"
"qa1185","Test1234"
"qa1186","Test1234"
"qa1187","Test1234"
"qa1188","Test1234"
"qa1189","Test1234"
"qa1190","Test1234"
"qa1191","Test1234"
"qa1192","Test1234"
"qa1193","Test1234"
"qa1194","Test1234"
"qa1195","Test1234"
"qa1196","Test1234"
"qa1197","Test1234"
"qa1198","Test1234"
"qa1199","Test1234"
"qa1200","Test1234"
"qa1201","Test1234"
"qa1202","Test1234"
"qa1203","Test1234"
"qa1204","Test1234"
"qa1205","Test1234"
"qa1206","Test1234"
"qa1207","Test1234"
"qa1208","Test1234"
"qa1209","Test1234"
"qa1210","Test1234"
"qa1211","Test1234"
"qa1212","Test1234"
"qa1213","Test1234"
"qa1214","Test1234"
"qa1215","Test1234"
"qa1216","Test1234"
"qa1217","Test1234"
"qa1218","Test1234"
"qa1219","Test1234"
"qa1220","Test1234"
"qa1221","Test1234"
"qa1222","Test1234"
"qa1223","Test1234"
"qa1224","Test1234"
"qa1225","Test1234"
"qa1226","Test1234"
"qa1227","Test1234"
"qa1228","Test1234"
"qa1229","Test1234"
"qa1230","Test1234"
"qa1231","Test1234"
"qa1232","Test1234"
"qa1233","Test1234"
"qa1234","Test1234"
"qa1235","Test1234"
"qa1236","Test1234"
"qa1237","Test1234"
"qa1238","Test1234"
"qa1239","Test1234"
"qa1240","Test1234"
"qa1241","Test1234"
"qa1242","Test1234"
"qa1243","Test1234"
"qa1244","Test1234"
"qa1245","Test1234"
"qa1246","Test1234"
"qa1247","Test1234"
"qa1248","Test1234"
"qa1249","Test1234"
"qa1250","Test1234"
"qa1251","Test1234"
"qa1252","Test1234"
"qa1253","Test1234"
"qa1254","Test1234"
"qa1255","Test1234"
"qa1256","Test1234"
"qa1257","Test1234"
"qa1258","Test1234"
"qa1259","Test1234"
"qa1260","Test1234"
"qa1261","Test1234"
"qa1262","Test1234"
"qa1263","Test1234"
"qa1264","Test1234"
"qa1265","Test1234"
"qa1266","Test1234"
"qa1267","Test1234"
"qa1268","Test1234"
"qa1269","Test1234"
"qa1270","Test1234"
"qa1271","Test1234"
"qa1272","Test1234"
"qa1273","Test1234"
"qa1274","Test1234"
"qa1275","Test1234"
"qa1276","Test1234"
"qa1277","Test1234"
"qa1278","Test1234"
"qa1279","Test1234"
"qa1280","Test1234"
"qa1281","Test1234"
"qa1282","Test1234"
"qa1283","Test1234"
"qa1284","Test1234"
"qa1285","Test1234"
"qa1286","Test1234"
"qa1287","Test1234"
"qa1288","Test1234"
"qa1289","Test1234"
"qa1290","Test1234"
"qa1291","Test1234"
"qa1292","Test1234"
"qa1293","Test1234"
"qa1294","Test1234"
"qa1295","Test1234"
"qa1296","Test1234"
"qa1297","Test1234"
"qa1298","Test1234"
"qa1299","Test1234"
"qa1300","Test1234"
"qa1301","Test1234"
"qa1302","Test1234"
"qa1303","Test1234"
"qa1304","Test1234"
"qa1305","Test1234"
"qa1306","Test1234"
"qa1307","Test1234"
"qa1308","Test1234"
"qa1309","Test1234"
"qa1310","Test1234"
"qa1311","Test1234"
"qa1312","Test1234"
"qa1313","Test1234"
"qa1314","Test1234"
"qa1315","Test1234"
"qa1316","Test1234"
"qa1317","Test1234"
"qa1318","Test1234"
"qa1319","Test1234"
"qa1320","Test1234"
"qa1321","Test1234"
"qa1322","Test1234"
"qa1323","Test1234"
"qa1324","Test1234"
"qa1325","Test1234"
"qa1326","Test1234"
"qa1327","Test1234"
"qa1328","Test1234"
"qa1329","Test1234"
"qa1330","Test1234"
"qa1331","Test1234"
"qa1332","Test1234"
"qa1333","Test1234"
"qa1334","Test1234"
"qa1335","Test1234"
"qa1336","Test1234"
"qa1337","Test1234"
"qa1338","Test1234"
"qa1339","Test1234"
"qa1340","Test1234"
"qa1341","Test1234"
"qa1342","Test1234"
"qa1343","Test1234"
"qa1344","Test1234"
"qa1345","Test1234"
"qa1346","Test1234"
"qa1347","Test1234"
"qa1348","Test1234"
"qa1349","Test1234"
"qa1350","Test1234"
"qa1351","Test1234"
"qa1352","Test1234"
"qa1353","Test1234"
"qa1354","Test1234"
"qa1355","Test1234"
"qa1356","Test1234"
"qa1357","Test1234"
"qa1358","Test1234"
"qa1359","Test1234"
"qa1360","Test1234"
"qa1361","Test1234"
"qa1362","Test1234"
"qa1363","Test1234"
"qa1364","Test1234"
"qa1365","Test1234"
"qa1366","Test1234"
"qa1367","Test1234"
"qa1368","Test1234"
"qa1369","Test1234"
"qa1370","Test1234"
"qa1371","Test1234"
"qa1372","Test1234"
"qa1373","Test1234"
"qa1374","Test1234"
"qa1375","Test1234"
"qa1376","Test1234"
"qa1377","Test1234"
"qa1378","Test1234"
"qa1379","Test1234"
"qa1380","Test1234"
"qa1381","Test1234"
"qa1382","Test1234"
"qa1383","Test1234"
"qa1384","Test1234"
"qa1385","Test1234"
"qa1386","Test1234"
"qa1387","Test1234"
"qa1388","Test1234"
"qa1389","Test1234"
"qa1390","Test1234"
"qa1391","Test1234"
"qa1392","Test1234"
"qa1393","Test1234"
"qa1394","Test1234"
"qa1395","Test1234"
"qa1396","Test1234"
"qa1397","Test1234"
"qa1398","Test1234"
"qa1399","Test1234"
"qa1400","Test1234"
"qa1401","Test1234"
"qa1402","Test1234"
"qa1403","Test1234"
"qa1404","Test1234"
"qa1405","Test1234"
"qa1406","Test1234"
"qa1407","Test1234"
"qa1408","Test1234"
"qa1409","Test1234"
"qa1410","Test1234"
"qa1411","Test1234"
"qa1412","Test1234"
"qa1413","Test1234"
"qa1414","Test1234"
"qa1415","Test1234"
"qa1416","Test1234"
"qa1417","Test1234"
"qa1418","Test1234"
"qa1419","Test1234"
"qa1420","Test1234"
"qa1421","Test1234"
"qa1422","Test1234"
"qa1423","Test1234"
"qa1424","Test1234"
"qa1425","Test1234"
"qa1426","Test1234"
"qa1427","Test1234"
"qa1428","Test1234"
"qa1429","Test1234"
"qa1430","Test1234"
"qa1431","Test1234"
"qa1432","Test1234"
"qa1433","Test1234"
"qa1434","Test1234"
"qa1435","Test1234"
"qa1436","Test1234"
"qa1437","Test1234"
"qa1438","Test1234"
"qa1439","Test1234"
"qa1440","Test1234"
"qa1441","Test1234"
"qa1442","Test1234"
"qa1443","Test1234"
"qa1444","Test1234"
"qa1445","Test1234"
"qa1446","Test1234"
"qa1447","Test1234"
"qa1448","Test1234"
"qa1449","Test1234"
"qa1450","Test1234"
"qa1451","Test1234"
"qa1452","Test1234"
"qa1453","Test1234"
"qa1454","Test1234"
"qa1455","Test1234"
"qa1456","Test1234"
"qa1457","Test1234"
"qa1458","Test1234"
"qa1459","Test1234"
"qa1460","Test1234"
"qa1461","Test1234"
"qa1462","Test1234"
"qa1463","Test1234"
"qa1464","Test1234"
"qa1465","Test1234"
"qa1466","Test1234"
"qa1467","Test1234"
"qa1468","Test1234"
"qa1469","Test1234"
"qa1470","Test1234"
"qa1471","Test1234"
"qa1472","Test1234"
"qa1473","Test1234"
"qa1474","Test1234"
"qa1475","Test1234"
"qa1476","Test1234"
"qa1477","Test1234"
"qa1478","Test1234"
"qa1479","Test1234"
"qa1480","Test1234"
"qa1481","Test1234"
"qa1482","Test1234"
"qa1483","Test1234"
"qa1484","Test1234"
"qa1485","Test1234"
"qa1486","Test1234"
"qa1487","Test1234"
"qa1488","Test1234"
"qa1489","Test1234"
"qa1490","Test1234"
"qa1491","Test1234"
"qa1492","Test1234"
"qa1493","Test1234"
"qa1494","Test1234"
"qa1495","Test1234"
"qa1496","Test1234"
"qa1497","Test1234"
"qa1498","Test1234"
"qa1499","Test1234"
"qa1500","Test1234"
"qa1501","Test1234"
"qa1502","Test1234"
"qa1503","Test1234"
"qa1504","Test1234"
"qa1505","Test1234"
"qa1506","Test1234"
"qa1507","Test1234"
"qa1508","Test1234"
"qa1509","Test1234"
"qa1510","Test1234"
"qa1511","Test1234"
"qa1512","Test1234"
"qa1513","Test1234"
"qa1514","Test1234"
"qa1515","Test1234"
"qa1516","Test1234"
"qa1517","Test1234"
"qa1518","Test1234"
"qa1519","Test1234"
"qa1520","Test1234"
"qa1521","Test1234"
"qa1522","Test1234"
"qa1523","Test1234"
"qa1524","Test1234"
"qa1525","Test1234"
"qa1526","Test1234"
"qa1527","Test1234"
"qa1528","Test1234"
"qa1529","Test1234"
"qa1530","Test1234"
"qa1531","Test1234"
"qa1532","Test1234"
"qa1533","Test1234"
"qa1534","Test1234"
"qa1535","Test1234"
"qa1536","Test1234"
"qa1537","Test1234"
"qa1538","Test1234"
"qa1539","Test1234"
"qa1540","Test1234"
"qa1541","Test1234"
"qa1542","Test1234"
"qa1543","Test1234"
"qa1544","Test1234"
"qa1545","Test1234"
"qa1546","Test1234"
"qa1547","Test1234"
"qa1548","Test1234"
"qa1549","Test1234"
"qa1550","Test1234"
"qa1551","Test1234"
"qa1552","Test1234"
"qa1553","Test1234"
"qa1554","Test1234"
"qa1555","Test1234"
"qa1556","Test1234"
"qa1557","Test1234"
"qa1558","Test1234"
"qa1559","Test1234"
"qa1560","Test1234"
"qa1561","Test1234"
"qa1562","Test1234"
"qa1563","Test1234"
"qa1564","Test1234"
"qa1565","Test1234"
"qa1566","Test1234"
"qa1567","Test1234"
"qa1568","Test1234"
"qa1569","Test1234"
"qa1570","Test1234"
"qa1571","Test1234"
"qa1572","Test1234"
"qa1573","Test1234"
"qa1574","Test1234"
"qa1575","Test1234"
"qa1576","Test1234"
"qa1577","Test1234"
"qa1578","Test1234"
"qa1579","Test1234"
"qa1580","Test1234"
"qa1581","Test1234"
"qa1582","Test1234"
"qa1583","Test1234"
"qa1584","Test1234"
"qa1585","Test1234"
"qa1586","Test1234"
"qa1587","Test1234"
"qa1588","Test1234"
"qa1589","Test1234"
"qa1590","Test1234"
"qa1591","Test1234"
"qa1592","Test1234"
"qa1593","Test1234"
"qa1594","Test1234"
"qa1595","Test1234"
"qa1596","Test1234"
"qa1597","Test1234"
"qa1598","Test1234"
"qa1599","Test1234"
"qa1600","Test1234"
"qa1601","Test1234"
"qa1602","Test1234"
"qa1603","Test1234"
"qa1604","Test1234"
"qa1605","Test1234"
"qa1606","Test1234"
"qa1607","Test1234"
"qa1608","Test1234"
"qa1609","Test1234"
"qa1610","Test1234"
"qa1611","Test1234"
"qa1612","Test1234"
"qa1613","Test1234"
"qa1614","Test1234"
"qa1615","Test1234"
"qa1616","Test1234"
"qa1617","Test1234"
"qa1618","Test1234"
"qa1619","Test1234"
"qa1620","Test1234"
"qa1621","Test1234"
"qa1622","Test1234"
"qa1623","Test1234"
"qa1624","Test1234"
"qa1625","Test1234"
"qa1626","Test1234"
"qa1627","Test1234"
"qa1628","Test1234"
"qa1629","Test1234"
"qa1630","Test1234"
"qa1631","Test1234"
"qa1632","Test1234"
"qa1633","Test1234"
"qa1634","Test1234"
"qa1635","Test1234"
"qa1636","Test1234"
"qa1637","Test1234"
"qa1638","Test1234"
"qa1639","Test1234"
"qa1640","Test1234"
"qa1641","Test1234"
"qa1642","Test1234"
"qa1643","Test1234"
"qa1644","Test1234"
"qa1645","Test1234"
"qa1646","Test1234"
"qa1647","Test1234"
"qa1648","Test1234"
"qa1649","Test1234"
"qa1650","Test1234"
"qa1651","Test1234"
"qa1652","Test1234"
"qa1653","Test1234"
"qa1654","Test1234"
"qa1655","Test1234"
"qa1656","Test1234"
"qa1657","Test1234"
"qa1658","Test1234"
"qa1659","Test1234"
"qa1660","Test1234"
"qa1661","Test1234"
"qa1662","Test1234"
"qa1663","Test1234"
"qa1664","Test1234"
"qa1665","Test1234"
"qa1666","Test1234"
"qa1667","Test1234"
"qa1668","Test1234"
"qa1669","Test1234"
"qa1670","Test1234"
"qa1671","Test1234"
"qa1672","Test1234"
"qa1673","Test1234"
"qa1674","Test1234"
"qa1675","Test1234"
"qa1676","Test1234"
"qa1677","Test1234"
"qa1678","Test1234"
"qa1679","Test1234"
"qa1680","Test1234"
"qa1681","Test1234"
"qa1682","Test1234"
"qa1683","Test1234"
"qa1684","Test1234"
"qa1685","Test1234"
"qa1686","Test1234"
"qa1687","Test1234"
"qa1688","Test1234"
"qa1689","Test1234"
"qa1690","Test1234"
"qa1691","Test1234"
"qa1692","Test1234"
"qa1693","Test1234"
"qa1694","Test1234"
"qa1695","Test1234"
"qa1696","Test1234"
"qa1697","Test1234"
"qa1698","Test1234"
"qa1699","Test1234"
"qa1700","Test1234"
"qa1701","Test1234"
"qa1702","Test1234"
"qa1703","Test1234"
"qa1704","Test1234"
"qa1705","Test1234"
"qa1706","Test1234"
"qa1707","Test1234"
"qa1708","Test1234"
"qa1709","Test1234"
"qa1710","Test1234"
"qa1711","Test1234"
"qa1712","Test1234"
"qa1713","Test1234"
"qa1714","Test1234"
"qa1715","Test1234"
"qa1716","Test1234"
"qa1717","Test1234"
"qa1718","Test1234"
"qa1719","Test1234"
"qa1720","Test1234"
"qa1721","Test1234"
"qa1722","Test1234"
"qa1723","Test1234"
"qa1724","Test1234"
"qa1725","Test1234"
"qa1726","Test1234"
"qa1727","Test1234"
"qa1728","Test1234"
"qa1729","Test1234"
"qa1730","Test1234"
"qa1731","Test1234"
"qa1732","Test1234"
"qa1733","Test1234"
"qa1734","Test1234"
"qa1735","Test1234"
"qa1736","Test1234"
"qa1737","Test1234"
"qa1738","Test1234"
"qa1739","Test1234"
"qa1740","Test1234"
"qa1741","Test1234"
"qa1742","Test1234"
"qa1743","Test1234"
"qa1744","Test1234"
"qa1745","Test1234"
"qa1746","Test1234"
"qa1747","Test1234"
"qa1748","Test1234"
"qa1749","Test1234"
"qa1750","Test1234"
"qa1751","Test1234"
"qa1752","Test1234"
"qa1753","Test1234"
"qa1754","Test1234"
"qa1755","Test1234"
"qa1756","Test1234"
"qa1757","Test1234"
"qa1758","Test1234"
"qa1759","Test1234"
"qa1760","Test1234"
"qa1761","Test1234"
"qa1762","Test1234"
"qa1763","Test1234"
"qa1764","Test1234"
"qa1765","Test1234"
"qa1766","Test1234"
"qa1767","Test1234"
"qa1768","Test1234"
"qa1769","Test1234"
"qa1770","Test1234"
"qa1771","Test1234"
"qa1772","Test1234"
"qa1773","Test1234"
"qa1774","Test1234"
"qa1775","Test1234"
"qa1776","Test1234"
"qa1777","Test1234"
"qa1778","Test1234"
"qa1779","Test1234"
"qa1780","Test1234"
"qa1781","Test1234"
"qa1782","Test1234"
"qa1783","Test1234"
"qa1784","Test1234"
"qa1785","Test1234"
"qa1786","Test1234"
"qa1787","Test1234"
"qa1788","Test1234"
"qa1789","Test1234"
"qa1790","Test1234"
"qa1791","Test1234"
"qa1792","Test1234"
"qa1793","Test1234"
"qa1794","Test1234"
"qa1795","Test1234"
"qa1796","Test1234"
"qa1797","Test1234"
"qa1798","Test1234"
"qa1799","Test1234"
"qa1800","Test1234"
"qa1801","Test1234"
"qa1802","Test1234"
"qa1803","Test1234"
"qa1804","Test1234"
"qa1805","Test1234"
"qa1806","Test1234"
"qa1807","Test1234"
"qa1808","Test1234"
"qa1809","Test1234"
"qa1810","Test1234"
"qa1811","Test1234"
"qa1812","Test1234"
"qa1813","Test1234"
"qa1814","Test1234"
"qa1815","Test1234"
"qa1816","Test1234"
"qa1817","Test1234"
"qa1818","Test1234"
"qa1819","Test1234"
"qa1820","Test1234"
"qa1821","Test1234"
"qa1822","Test1234"
"qa1823","Test1234"
"qa1824","Test1234"
"qa1825","Test1234"
"qa1826","Test1234"
"qa1827","Test1234"
"qa1828","Test1234"
"qa1829","Test1234"
"qa1830","Test1234"
"qa1831","Test1234"
"qa1832","Test1234"
"qa1833","Test1234"
"qa1834","Test1234"
"qa1835","Test1234"
"qa1836","Test1234"
"qa1837","Test1234"
"qa1838","Test1234"
"qa1839","Test1234"
"qa1840","Test1234"
"qa1841","Test1234"
"qa1842","Test1234"
"qa1843","Test1234"
"qa1844","Test1234"
"qa1845","Test1234"
"qa1846","Test1234"
"qa1847","Test1234"
"qa1848","Test1234"
"qa1849","Test1234"
"qa1850","Test1234"
"qa1851","Test1234"
"qa1852","Test1234"
"qa1853","Test1234"
"qa1854","Test1234"
"qa1855","Test1234"
"qa1856","Test1234"
"qa1857","Test1234"
"qa1858","Test1234"
"qa1859","Test1234"
"qa1860","Test1234"
"qa1861","Test1234"
"qa1862","Test1234"
"qa1863","Test1234"
"qa1864","Test1234"
"qa1865","Test1234"
"qa1866","Test1234"
"qa1867","Test1234"
"qa1868","Test1234"
"qa1869","Test1234"
"qa1870","Test1234"
"qa1871","Test1234"
"qa1872","Test1234"
"qa1873","Test1234"
"qa1874","Test1234"
"qa1875","Test1234"
"qa1876","Test1234"
"qa1877","Test1234"
"qa1878","Test1234"
"qa1879","Test1234"
"qa1880","Test1234"
"qa1881","Test1234"
"qa1882","Test1234"
"qa1883","Test1234"
"qa1884","Test1234"
"qa1885","Test1234"
"qa1886","Test1234"
"qa1887","Test1234"
"qa1888","Test1234"
"qa1889","Test1234"
"qa1890","Test1234"
"qa1891","Test1234"
"qa1892","Test1234"
"qa1893","Test1234"
"qa1894","Test1234"
"qa1895","Test1234"
"qa1896","Test1234"
"qa1897","Test1234"
"qa1898","Test1234"
"qa1899","Test1234"
"qa1900","Test1234"
"qa1901","Test1234"
"qa1902","Test1234"
"qa1903","Test1234"
"qa1904","Test1234"
"qa1905","Test1234"
"qa1906","Test1234"
"qa1907","Test1234"
"qa1908","Test1234"
"qa1909","Test1234"
"qa1910","Test1234"
"qa1911","Test1234"
"qa1912","Test1234"
"qa1913","Test1234"
"qa1914","Test1234"
"qa1915","Test1234"
"qa1916","Test1234"
"qa1917","Test1234"
"qa1918","Test1234"
"qa1919","Test1234"
"qa1920","Test1234"
"qa1921","Test1234"
"qa1922","Test1234"
"qa1923","Test1234"
"qa1924","Test1234"
"qa1925","Test1234"
"qa1926","Test1234"
"qa1927","Test1234"
"qa1928","Test1234"
"qa1929","Test1234"
"qa1930","Test1234"
"qa1931","Test1234"
"qa1932","Test1234"
"qa1933","Test1234"
"qa1934","Test1234"
"qa1935","Test1234"
"qa1936","Test1234"
"qa1937","Test1234"
"qa1938","Test1234"
"qa1939","Test1234"
"qa1940","Test1234"
"qa1941","Test1234"
"qa1942","Test1234"
"qa1943","Test1234"
"qa1944","Test1234"
"qa1945","Test1234"
"qa1946","Test1234"
"qa1947","Test1234"
"qa1948","Test1234"
"qa1949","Test1234"
"qa1950","Test1234"
"qa1951","Test1234"
"qa1952","Test1234"
"qa1953","Test1234"
"qa1954","Test1234"
"qa1955","Test1234"
"qa1956","Test1234"
"qa1957","Test1234"
"qa1958","Test1234"
"qa1959","Test1234"
"qa1960","Test1234"
"qa1961","Test1234"
"qa1962","Test1234"
"qa1963","Test1234"
"qa1964","Test1234"
"qa1965","Test1234"
"qa1966","Test1234"
"qa1967","Test1234"
"qa1968","Test1234"
"qa1969","Test1234"
"qa1970","Test1234"
"qa1971","Test1234"
"qa1972","Test1234"
"qa1973","Test1234"
"qa1974","Test1234"
"qa1975","Test1234"
"qa1976","Test1234"
"qa1977","Test1234"
"qa1978","Test1234"
"qa1979","Test1234"
"qa1980","Test1234"
"qa1981","Test1234"
"qa1982","Test1234"
"qa1983","Test1234"
"qa1984","Test1234"
"qa1985","Test1234"
"qa1986","Test1234"
"qa1987","Test1234"
"qa1988","Test1234"
"qa1989","Test1234"
"qa1990","Test1234"
"qa1991","Test1234"
"qa1992","Test1234"
"qa1993","Test1234"
"qa1994","Test1234"
"qa1995","Test1234"
"qa1996","Test1234"
"qa1997","Test1234"
"qa1998","Test1234"
"qa1999","Test1234"
"qa2000","Test1234"
